province,middle,retired,underage,young,unemployed,buss,rural,ind
Barcelona,1272.6140041091871,1830,1834,1351,774.2280000000001,649.5846762547696,699,1557.5733196360436
Catalunya,1114.71679028133,1814,1853,1358,734.328,653.419242966752,997,1445.5359667519183
Girona,656.4935561357703,1702,1943,1395,662.9040000000001,778.997138381201,1891,970.6053054830287
Lleida,613.0914506343079,1867,1805,1386,355.35,519.7949255377828,2673,880.7636238279096
Tarragona,840.9760995370369,1777,1920,1353,755.55,568.6204282407407,1445,1284.853472222222
